Date,Open,High,Low,Close_Futures_LTP,Volume,Dhan_Source,Commodity,Security_ID,Unit,Basis_Proxy,Basis_Diff_d1
2025-08-14,27000.0,27000.0,27000.0,27000.0,0.0,Dhan HQ Paid API v2 (1-Year Daily),COTTON,568842,INR/bale,0.0,0.0
2025-08-18,27000.0,27000.0,27000.0,27000.0,0.0,Dhan HQ Paid API v2 (1-Year Daily),COTTON,568842,INR/bale,0.0,0.0
2025-08-19,27000.0,27000.0,27000.0,27000.0,0.0,Dhan HQ Paid API v2 (1-Year Daily),COTTON,568842,INR/bale,0.0,0.0
2025-08-20,27000.0,27000.0,27000.0,27000.0,0.0,Dhan HQ Paid API v2 (1-Year Daily),COTTON,568842,INR/bale,0.0,0.0
2025-08-21,27000.0,27000.0,27000.0,27000.0,0.0,Dhan HQ Paid API v2 (1-Year Daily),COTTON,568842,INR/bale,0.0,0.0
2025-08-22,27000.0,27000.0,27000.0,27000.0,0.0,Dhan HQ Paid API v2 (1-Year Daily),COTTON,568842,INR/bale,0.0,0.0
2025-08-25,27000.0,27000.0,27000.0,27000.0,0.0,Dhan HQ Paid API v2 (1-Year Daily),COTTON,568842,INR/bale,0.0,0.0
2025-08-26,27000.0,27000.0,27000.0,27000.0,0.0,Dhan HQ Paid API v2 (1-Year Daily),COTTON,568842,INR/bale,0.0,0.0
2025-08-27,27000.0,27000.0,27000.0,27000.0,0.0,Dhan HQ Paid API v2 (1-Year Daily),COTTON,568842,INR/bale,0.0,0.0
2025-08-28,27000.0,27000.0,27000.0,27000.0,0.0,Dhan HQ Paid API v2 (1-Year Daily),COTTON,568842,INR/bale,0.0,0.0
2025-09-01,27000.0,27000.0,27000.0,27000.0,0.0,Dhan HQ Paid API v2 (1-Year Daily),COTTON,568842,INR/bale,0.0,0.0
2025-09-02,27000.0,27000.0,27000.0,27000.0,0.0,Dhan HQ Paid API v2 (1-Year Daily),COTTON,568842,INR/bale,0.0,0.0
2025-09-03,27000.0,27000.0,27000.0,27000.0,0.0,Dhan HQ Paid API v2 (1-Year Daily),COTTON,568842,INR/bale,0.0,0.0
2025-09-05,27000.0,27000.0,27000.0,27000.0,0.0,Dhan HQ Paid API v2 (1-Year Daily),COTTON,568842,INR/bale,0.0,0.0
2025-09-08,27000.0,27000.0,27000.0,27000.0,0.0,Dhan HQ Paid API v2 (1-Year Daily),COTTON,568842,INR/bale,0.0,0.0
2025-09-09,27000.0,27000.0,27000.0,27000.0,0.0,Dhan HQ Paid API v2 (1-Year Daily),COTTON,568842,INR/bale,0.0,0.0
2025-09-10,27000.0,27000.0,27000.0,27000.0,0.0,Dhan HQ Paid API v2 (1-Year Daily),COTTON,568842,INR/bale,0.0,0.0
2025-09-11,27000.0,27000.0,27000.0,27000.0,0.0,Dhan HQ Paid API v2 (1-Year Daily),COTTON,568842,INR/bale,0.0,0.0
2025-09-12,27000.0,27000.0,27000.0,27000.0,0.0,Dhan HQ Paid API v2 (1-Year Daily),COTTON,568842,INR/bale,0.0,0.0
2025-09-15,27000.0,27000.0,27000.0,27000.0,0.0,Dhan HQ Paid API v2 (1-Year Daily),COTTON,568842,INR/bale,0.0,0.0
2025-09-16,27000.0,27000.0,27000.0,27000.0,0.0,Dhan HQ Paid API v2 (1-Year Daily),COTTON,568842,INR/bale,0.0,0.0
2025-09-17,27000.0,27000.0,27000.0,27000.0,0.0,Dhan HQ Paid API v2 (1-Year Daily),COTTON,568842,INR/bale,0.0,0.0
2025-09-18,27000.0,27000.0,27000.0,27000.0,0.0,Dhan HQ Paid API v2 (1-Year Daily),COTTON,568842,INR/bale,0.0,0.0
2025-09-19,27000.0,27000.0,27000.0,27000.0,0.0,Dhan HQ Paid API v2 (1-Year Daily),COTTON,568842,INR/bale,0.0,0.0
2025-09-22,26500.0,26500.0,26500.0,26500.0,0.0,Dhan HQ Paid API v2 (1-Year Daily),COTTON,568842,INR/bale,0.0,0.0
2025-09-23,26500.0,26500.0,26500.0,26500.0,0.0,Dhan HQ Paid API v2 (1-Year Daily),COTTON,568842,INR/bale,0.0,0.0
2025-09-24,26500.0,26500.0,26500.0,26500.0,0.0,Dhan HQ Paid API v2 (1-Year Daily),COTTON,568842,INR/bale,0.0,0.0
2025-09-25,26500.0,26500.0,26500.0,26500.0,0.0,Dhan HQ Paid API v2 (1-Year Daily),COTTON,568842,INR/bale,0.0,0.0
2025-09-26,26500.0,26500.0,26500.0,26500.0,0.0,Dhan HQ Paid API v2 (1-Year Daily),COTTON,568842,INR/bale,0.0,0.0
2025-09-29,26500.0,26500.0,26500.0,26500.0,0.0,Dhan HQ Paid API v2 (1-Year Daily),COTTON,568842,INR/bale,0.0,0.0
2025-09-30,26500.0,26500.0,26500.0,26500.0,0.0,Dhan HQ Paid API v2 (1-Year Daily),COTTON,568842,INR/bale,0.0,0.0
2025-10-01,26500.0,26500.0,26500.0,26500.0,0.0,Dhan HQ Paid API v2 (1-Year Daily),COTTON,568842,INR/bale,0.0,0.0
2025-10-03,26500.0,26500.0,26500.0,26500.0,0.0,Dhan HQ Paid API v2 (1-Year Daily),COTTON,568842,INR/bale,0.0,0.0
2025-10-06,25800.0,25810.0,25720.0,25770.0,10.0,Dhan HQ Paid API v2 (1-Year Daily),COTTON,568842,INR/bale,-30.0,-30.0
2025-10-07,26200.0,26200.0,25810.0,25940.0,16.0,Dhan HQ Paid API v2 (1-Year Daily),COTTON,568842,INR/bale,-260.0,-230.0
2025-10-08,25850.0,26000.0,25820.0,25950.0,18.0,Dhan HQ Paid API v2 (1-Year Daily),COTTON,568842,INR/bale,100.0,360.0
2025-10-09,25850.0,25990.0,25850.0,25920.0,16.0,Dhan HQ Paid API v2 (1-Year Daily),COTTON,568842,INR/bale,70.0,-30.0
2025-10-10,25850.0,25990.0,25850.0,25950.0,9.2,Dhan HQ Paid API v2 (1-Year Daily),COTTON,568842,INR/bale,100.0,30.0
2025-10-13,25810.0,25880.0,25730.0,25810.0,13.999999999999998,Dhan HQ Paid API v2 (1-Year Daily),COTTON,568842,INR/bale,0.0,-100.0
2025-10-14,25750.0,25750.0,25700.0,25740.0,9.2,Dhan HQ Paid API v2 (1-Year Daily),COTTON,568842,INR/bale,-10.0,-10.0
2025-10-15,25600.0,25600.0,25600.0,25600.0,3.1999999999999997,Dhan HQ Paid API v2 (1-Year Daily),COTTON,568842,INR/bale,0.0,10.0
2025-10-16,25600.0,25600.0,25600.0,25600.0,13.999999999999998,Dhan HQ Paid API v2 (1-Year Daily),COTTON,568842,INR/bale,0.0,0.0
2025-10-17,25500.0,25500.0,25500.0,25500.0,4.0,Dhan HQ Paid API v2 (1-Year Daily),COTTON,568842,INR/bale,0.0,0.0
2025-10-20,25530.0,25540.0,25530.0,25540.0,4.0,Dhan HQ Paid API v2 (1-Year Daily),COTTON,568842,INR/bale,10.0,10.0
2025-10-21,25540.0,25540.0,25540.0,25540.0,0.0,Dhan HQ Paid API v2 (1-Year Daily),COTTON,568842,INR/bale,0.0,-10.0
2025-10-22,25540.0,25540.0,25540.0,25540.0,0.0,Dhan HQ Paid API v2 (1-Year Daily),COTTON,568842,INR/bale,0.0,0.0
2025-10-23,25540.0,25540.0,25540.0,25540.0,0.0,Dhan HQ Paid API v2 (1-Year Daily),COTTON,568842,INR/bale,0.0,0.0
2025-10-24,25540.0,25540.0,25540.0,25540.0,0.0,Dhan HQ Paid API v2 (1-Year Daily),COTTON,568842,INR/bale,0.0,0.0
2025-10-27,25410.0,25410.0,25410.0,25410.0,2.0,Dhan HQ Paid API v2 (1-Year Daily),COTTON,568842,INR/bale,0.0,0.0
2025-10-28,25410.0,25410.0,25410.0,25410.0,0.0,Dhan HQ Paid API v2 (1-Year Daily),COTTON,568842,INR/bale,0.0,0.0
2025-10-29,25360.0,25360.0,25360.0,25360.0,2.0,Dhan HQ Paid API v2 (1-Year Daily),COTTON,568842,INR/bale,0.0,0.0
2025-10-30,25360.0,25550.0,25350.0,25410.0,4.0,Dhan HQ Paid API v2 (1-Year Daily),COTTON,568842,INR/bale,50.0,50.0
2025-10-31,25550.0,25950.0,25550.0,25750.0,11.999999999999998,Dhan HQ Paid API v2 (1-Year Daily),COTTON,568842,INR/bale,200.0,150.0
2025-11-03,25900.0,25900.0,25890.0,25900.0,4.0,Dhan HQ Paid API v2 (1-Year Daily),COTTON,568842,INR/bale,0.0,-200.0
2025-11-04,26000.0,26000.0,25900.0,25950.0,7.199999999999999,Dhan HQ Paid API v2 (1-Year Daily),COTTON,568842,INR/bale,-50.0,-50.0
2025-11-05,25950.0,25950.0,25950.0,25950.0,0.0,Dhan HQ Paid API v2 (1-Year Daily),COTTON,568842,INR/bale,0.0,50.0
2025-11-06,25960.0,25970.0,25890.0,25940.0,9.2,Dhan HQ Paid API v2 (1-Year Daily),COTTON,568842,INR/bale,-20.0,-20.0
2025-11-10,25550.0,25550.0,25500.0,25520.0,3.1999999999999997,Dhan HQ Paid API v2 (1-Year Daily),COTTON,568842,INR/bale,-30.0,-10.0
2025-11-11,25040.0,25210.0,25040.0,25100.0,5.999999999999999,Dhan HQ Paid API v2 (1-Year Daily),COTTON,568842,INR/bale,60.0,90.0
2025-11-12,24940.0,25010.0,24940.0,24980.0,4.0,Dhan HQ Paid API v2 (1-Year Daily),COTTON,568842,INR/bale,40.0,-20.0
2025-11-13,25120.0,25130.0,25120.0,25120.0,5.999999999999999,Dhan HQ Paid API v2 (1-Year Daily),COTTON,568842,INR/bale,0.0,-40.0
2025-11-14,24820.0,24820.0,24820.0,24820.0,2.0,Dhan HQ Paid API v2 (1-Year Daily),COTTON,568842,INR/bale,0.0,0.0
2025-11-17,25100.0,25150.0,25010.0,25100.0,13.2,Dhan HQ Paid API v2 (1-Year Daily),COTTON,568842,INR/bale,0.0,0.0
2025-11-18,24520.0,24830.0,24520.0,24770.0,10.0,Dhan HQ Paid API v2 (1-Year Daily),COTTON,568842,INR/bale,250.0,250.0
2025-11-19,24910.0,24960.0,24900.0,24930.0,5.0,Dhan HQ Paid API v2 (1-Year Daily),COTTON,568842,INR/bale,20.0,-230.0
2025-11-20,25000.0,25580.0,24910.0,24980.0,13.999999999999998,Dhan HQ Paid API v2 (1-Year Daily),COTTON,568842,INR/bale,-20.0,-40.0
2025-11-21,24910.0,24910.0,24900.0,24910.0,5.2,Dhan HQ Paid API v2 (1-Year Daily),COTTON,568842,INR/bale,0.0,20.0
2025-11-24,25020.0,25020.0,25010.0,25020.0,11.200000000000001,Dhan HQ Paid API v2 (1-Year Daily),COTTON,568842,INR/bale,0.0,0.0
2025-11-25,25020.0,25020.0,25020.0,25020.0,10.0,Dhan HQ Paid API v2 (1-Year Daily),COTTON,568842,INR/bale,0.0,0.0
2025-11-26,25480.0,25480.0,25160.0,25270.0,13.2,Dhan HQ Paid API v2 (1-Year Daily),COTTON,568842,INR/bale,-210.0,-210.0
2025-11-27,25270.0,25270.0,25270.0,25270.0,0.0,Dhan HQ Paid API v2 (1-Year Daily),COTTON,568842,INR/bale,0.0,210.0
2025-11-28,25270.0,25270.0,25270.0,25270.0,0.0,Dhan HQ Paid API v2 (1-Year Daily),COTTON,568842,INR/bale,0.0,0.0
2025-12-01,25110.0,25110.0,25110.0,25110.0,2.0,Dhan HQ Paid API v2 (1-Year Daily),COTTON,568842,INR/bale,0.0,0.0
2025-12-02,25000.0,25000.0,25000.0,25000.0,2.0,Dhan HQ Paid API v2 (1-Year Daily),COTTON,568842,INR/bale,0.0,0.0
2025-12-03,25020.0,25020.0,25020.0,25020.0,1.2,Dhan HQ Paid API v2 (1-Year Daily),COTTON,568842,INR/bale,0.0,0.0
2025-12-04,25100.0,25150.0,25100.0,25130.0,9.2,Dhan HQ Paid API v2 (1-Year Daily),COTTON,568842,INR/bale,30.0,30.0
2025-12-05,25150.0,25150.0,24170.0,24330.0,7.199999999999999,Dhan HQ Paid API v2 (1-Year Daily),COTTON,568842,INR/bale,-820.0,-850.0
2025-12-08,25100.0,25250.0,25100.0,25200.0,9.2,Dhan HQ Paid API v2 (1-Year Daily),COTTON,568842,INR/bale,100.0,920.0
2025-12-09,25100.0,25150.0,25100.0,25130.0,11.200000000000001,Dhan HQ Paid API v2 (1-Year Daily),COTTON,568842,INR/bale,30.0,-70.0
2025-12-10,25110.0,25110.0,25110.0,25110.0,4.0,Dhan HQ Paid API v2 (1-Year Daily),COTTON,568842,INR/bale,0.0,-30.0
2025-12-11,25110.0,25200.0,25110.0,25160.0,10.0,Dhan HQ Paid API v2 (1-Year Daily),COTTON,568842,INR/bale,50.0,50.0
2025-12-12,24180.0,25200.0,24180.0,24980.0,10.0,Dhan HQ Paid API v2 (1-Year Daily),COTTON,568842,INR/bale,800.0,750.0
2025-12-15,25110.0,25410.0,25110.0,25280.0,5.999999999999999,Dhan HQ Paid API v2 (1-Year Daily),COTTON,568842,INR/bale,170.0,-630.0
2025-12-16,25140.0,25140.0,25140.0,25140.0,2.0,Dhan HQ Paid API v2 (1-Year Daily),COTTON,568842,INR/bale,0.0,-170.0
2025-12-17,25260.0,25450.0,25250.0,25280.0,10.0,Dhan HQ Paid API v2 (1-Year Daily),COTTON,568842,INR/bale,20.0,20.0
2025-12-18,25260.0,25260.0,25260.0,25260.0,2.0,Dhan HQ Paid API v2 (1-Year Daily),COTTON,568842,INR/bale,0.0,-20.0
2025-12-19,25260.0,25260.0,25260.0,25260.0,11.999999999999998,Dhan HQ Paid API v2 (1-Year Daily),COTTON,568842,INR/bale,0.0,0.0
2025-12-22,24260.0,25990.0,24260.0,24830.0,11.200000000000001,Dhan HQ Paid API v2 (1-Year Daily),COTTON,568842,INR/bale,570.0,570.0
2025-12-23,24830.0,24830.0,24830.0,24830.0,0.0,Dhan HQ Paid API v2 (1-Year Daily),COTTON,568842,INR/bale,0.0,-570.0
2025-12-24,23850.0,25810.0,23850.0,24830.0,4.0,Dhan HQ Paid API v2 (1-Year Daily),COTTON,568842,INR/bale,980.0,980.0
2025-12-26,24830.0,24830.0,24830.0,24830.0,0.0,Dhan HQ Paid API v2 (1-Year Daily),COTTON,568842,INR/bale,0.0,-980.0
2025-12-29,25000.0,25000.0,25000.0,25000.0,2.0,Dhan HQ Paid API v2 (1-Year Daily),COTTON,568842,INR/bale,0.0,0.0
2025-12-30,25000.0,25000.0,25000.0,25000.0,0.0,Dhan HQ Paid API v2 (1-Year Daily),COTTON,568842,INR/bale,0.0,0.0
2025-12-31,25000.0,25000.0,25000.0,25000.0,0.0,Dhan HQ Paid API v2 (1-Year Daily),COTTON,568842,INR/bale,0.0,0.0
2026-01-01,25500.0,25500.0,25500.0,25500.0,0.0,Dhan HQ Paid API v2 (1-Year Daily),COTTON,568842,INR/bale,0.0,0.0
2026-01-02,25800.0,25800.0,25510.0,25540.0,9.2,Dhan HQ Paid API v2 (1-Year Daily),COTTON,568842,INR/bale,-260.0,-260.0
2026-01-05,25810.0,25810.0,25800.0,25810.0,5.2,Dhan HQ Paid API v2 (1-Year Daily),COTTON,568842,INR/bale,0.0,260.0
2026-01-06,25910.0,25910.0,25910.0,25910.0,11.999999999999998,Dhan HQ Paid API v2 (1-Year Daily),COTTON,568842,INR/bale,0.0,0.0
2026-01-07,26010.0,26010.0,26010.0,26010.0,10.0,Dhan HQ Paid API v2 (1-Year Daily),COTTON,568842,INR/bale,0.0,0.0
2026-01-08,26020.0,26020.0,26020.0,26020.0,7.199999999999999,Dhan HQ Paid API v2 (1-Year Daily),COTTON,568842,INR/bale,0.0,0.0
2026-01-09,26210.0,26210.0,26210.0,26210.0,8.0,Dhan HQ Paid API v2 (1-Year Daily),COTTON,568842,INR/bale,0.0,0.0
2026-01-12,26260.0,26270.0,26260.0,26270.0,17.2,Dhan HQ Paid API v2 (1-Year Daily),COTTON,568842,INR/bale,10.0,10.0
2026-01-13,26310.0,26310.0,26310.0,26310.0,4.0,Dhan HQ Paid API v2 (1-Year Daily),COTTON,568842,INR/bale,0.0,-10.0
2026-01-14,26310.0,26310.0,26310.0,26310.0,0.0,Dhan HQ Paid API v2 (1-Year Daily),COTTON,568842,INR/bale,0.0,0.0
2026-01-15,26310.0,26310.0,26310.0,26310.0,0.0,Dhan HQ Paid API v2 (1-Year Daily),COTTON,568842,INR/bale,0.0,0.0
2026-01-16,26310.0,26310.0,26310.0,26310.0,10.0,Dhan HQ Paid API v2 (1-Year Daily),COTTON,568842,INR/bale,0.0,0.0
2026-01-19,25610.0,26590.0,25610.0,25940.0,3.1999999999999997,Dhan HQ Paid API v2 (1-Year Daily),COTTON,568842,INR/bale,330.0,330.0
2026-01-20,26500.0,26700.0,26500.0,26600.0,3.1999999999999997,Dhan HQ Paid API v2 (1-Year Daily),COTTON,568842,INR/bale,100.0,-230.0
2026-01-21,26300.0,26300.0,26200.0,26250.0,2.0,Dhan HQ Paid API v2 (1-Year Daily),COTTON,568842,INR/bale,-50.0,-150.0
2026-01-22,26500.0,26500.0,26500.0,26500.0,2.0,Dhan HQ Paid API v2 (1-Year Daily),COTTON,568842,INR/bale,0.0,50.0
2026-01-23,26500.0,26500.0,26500.0,26500.0,0.0,Dhan HQ Paid API v2 (1-Year Daily),COTTON,568842,INR/bale,0.0,0.0
2026-01-27,26500.0,26500.0,26500.0,26500.0,0.0,Dhan HQ Paid API v2 (1-Year Daily),COTTON,568842,INR/bale,0.0,0.0
2026-01-28,26500.0,26500.0,26500.0,26500.0,0.0,Dhan HQ Paid API v2 (1-Year Daily),COTTON,568842,INR/bale,0.0,0.0
2026-01-29,26500.0,26500.0,26500.0,26500.0,0.0,Dhan HQ Paid API v2 (1-Year Daily),COTTON,568842,INR/bale,0.0,0.0
2026-01-30,26500.0,26500.0,26500.0,26500.0,0.0,Dhan HQ Paid API v2 (1-Year Daily),COTTON,568842,INR/bale,0.0,0.0
2026-02-01,25900.0,25900.0,25900.0,25900.0,0.0,Dhan HQ Paid API v2 (1-Year Daily),COTTON,568842,INR/bale,0.0,0.0
2026-02-02,25900.0,25900.0,25900.0,25900.0,0.0,Dhan HQ Paid API v2 (1-Year Daily),COTTON,568842,INR/bale,0.0,0.0
2026-02-03,25900.0,25900.0,25900.0,25900.0,0.0,Dhan HQ Paid API v2 (1-Year Daily),COTTON,568842,INR/bale,0.0,0.0
2026-02-04,25900.0,25900.0,25900.0,25900.0,0.0,Dhan HQ Paid API v2 (1-Year Daily),COTTON,568842,INR/bale,0.0,0.0
2026-02-05,26110.0,26110.0,26110.0,26110.0,2.0,Dhan HQ Paid API v2 (1-Year Daily),COTTON,568842,INR/bale,0.0,0.0
2026-02-06,26110.0,26110.0,26110.0,26110.0,0.0,Dhan HQ Paid API v2 (1-Year Daily),COTTON,568842,INR/bale,0.0,0.0
2026-02-09,26050.0,26050.0,26050.0,26050.0,1.2,Dhan HQ Paid API v2 (1-Year Daily),COTTON,568842,INR/bale,0.0,0.0
2026-02-10,26050.0,26050.0,26050.0,26050.0,0.0,Dhan HQ Paid API v2 (1-Year Daily),COTTON,568842,INR/bale,0.0,0.0
2026-02-11,25910.0,25910.0,25910.0,25910.0,4.0,Dhan HQ Paid API v2 (1-Year Daily),COTTON,568842,INR/bale,0.0,0.0
2026-02-12,25660.0,25660.0,25660.0,25660.0,2.0,Dhan HQ Paid API v2 (1-Year Daily),COTTON,568842,INR/bale,0.0,0.0
2026-02-13,25660.0,25660.0,25660.0,25660.0,0.0,Dhan HQ Paid API v2 (1-Year Daily),COTTON,568842,INR/bale,0.0,0.0
2026-02-16,25660.0,25660.0,25660.0,25660.0,0.0,Dhan HQ Paid API v2 (1-Year Daily),COTTON,568842,INR/bale,0.0,0.0
2026-02-17,25660.0,25660.0,25650.0,25660.0,5.2,Dhan HQ Paid API v2 (1-Year Daily),COTTON,568842,INR/bale,0.0,0.0
2026-02-18,25510.0,25510.0,25500.0,25510.0,7.199999999999999,Dhan HQ Paid API v2 (1-Year Daily),COTTON,568842,INR/bale,0.0,0.0
2026-02-19,25410.0,25410.0,25400.0,25410.0,5.2,Dhan HQ Paid API v2 (1-Year Daily),COTTON,568842,INR/bale,0.0,0.0
2026-02-20,25500.0,25500.0,24510.0,24630.0,11.200000000000001,Dhan HQ Paid API v2 (1-Year Daily),COTTON,568842,INR/bale,-870.0,-870.0
2026-02-23,25600.0,25600.0,25500.0,25500.0,23.999999999999996,Dhan HQ Paid API v2 (1-Year Daily),COTTON,568842,INR/bale,-100.0,770.0
2026-02-24,25650.0,25650.0,25600.0,25650.0,20.0,Dhan HQ Paid API v2 (1-Year Daily),COTTON,568842,INR/bale,0.0,100.0
2026-02-25,25650.0,25650.0,25650.0,25650.0,0.0,Dhan HQ Paid API v2 (1-Year Daily),COTTON,568842,INR/bale,0.0,0.0
2026-02-26,25000.0,25000.0,25000.0,25000.0,2.0,Dhan HQ Paid API v2 (1-Year Daily),COTTON,568842,INR/bale,0.0,0.0
2026-02-27,25200.0,25200.0,25200.0,25200.0,4.0,Dhan HQ Paid API v2 (1-Year Daily),COTTON,568842,INR/bale,0.0,0.0
2026-03-02,26000.0,26000.0,26000.0,26000.0,0.0,Dhan HQ Paid API v2 (1-Year Daily),COTTON,568842,INR/bale,0.0,0.0
2026-03-03,26000.0,26000.0,26000.0,26000.0,0.0,Dhan HQ Paid API v2 (1-Year Daily),COTTON,568842,INR/bale,0.0,0.0
2026-03-04,26000.0,26000.0,26000.0,26000.0,0.0,Dhan HQ Paid API v2 (1-Year Daily),COTTON,568842,INR/bale,0.0,0.0
2026-03-05,26000.0,26000.0,26000.0,26000.0,0.0,Dhan HQ Paid API v2 (1-Year Daily),COTTON,568842,INR/bale,0.0,0.0
2026-03-06,26000.0,26000.0,26000.0,26000.0,0.0,Dhan HQ Paid API v2 (1-Year Daily),COTTON,568842,INR/bale,0.0,0.0
2026-03-09,26000.0,26000.0,26000.0,26000.0,0.0,Dhan HQ Paid API v2 (1-Year Daily),COTTON,568842,INR/bale,0.0,0.0
2026-03-10,26000.0,26000.0,26000.0,26000.0,0.0,Dhan HQ Paid API v2 (1-Year Daily),COTTON,568842,INR/bale,0.0,0.0
2026-03-11,25500.0,25500.0,25500.0,25500.0,4.0,Dhan HQ Paid API v2 (1-Year Daily),COTTON,568842,INR/bale,0.0,0.0
2026-03-12,25250.0,25760.0,25250.0,25760.0,35.199999999999996,Dhan HQ Paid API v2 (1-Year Daily),COTTON,568842,INR/bale,510.0,510.0
2026-03-13,25800.0,26000.0,25800.0,25860.0,35.199999999999996,Dhan HQ Paid API v2 (1-Year Daily),COTTON,568842,INR/bale,60.0,-450.0
2026-03-16,25900.0,26300.0,25900.0,25940.0,27.2,Dhan HQ Paid API v2 (1-Year Daily),COTTON,568842,INR/bale,40.0,-20.0
2026-03-17,25940.0,26200.0,25940.0,26160.0,11.999999999999998,Dhan HQ Paid API v2 (1-Year Daily),COTTON,568842,INR/bale,220.0,180.0
2026-03-18,26150.0,26740.0,26150.0,26530.0,51.199999999999996,Dhan HQ Paid API v2 (1-Year Daily),COTTON,568842,INR/bale,380.0,160.0
2026-03-19,26500.0,26550.0,26500.0,26520.0,31.2,Dhan HQ Paid API v2 (1-Year Daily),COTTON,568842,INR/bale,20.0,-360.0
2026-03-20,26300.0,26750.0,26220.0,26300.0,31.2,Dhan HQ Paid API v2 (1-Year Daily),COTTON,568842,INR/bale,0.0,-20.0
2026-03-23,26400.0,26740.0,26200.0,26310.0,27.2,Dhan HQ Paid API v2 (1-Year Daily),COTTON,568842,INR/bale,-90.0,-90.0
2026-03-24,26300.0,26400.0,25890.0,26170.0,31.2,Dhan HQ Paid API v2 (1-Year Daily),COTTON,568842,INR/bale,-130.0,-40.0
2026-03-25,26010.0,26400.0,26010.0,26300.0,13.999999999999998,Dhan HQ Paid API v2 (1-Year Daily),COTTON,568842,INR/bale,290.0,420.0
2026-03-26,26300.0,26300.0,26300.0,26300.0,0.0,Dhan HQ Paid API v2 (1-Year Daily),COTTON,568842,INR/bale,0.0,-290.0
2026-03-27,26300.0,26300.0,26300.0,26300.0,0.0,Dhan HQ Paid API v2 (1-Year Daily),COTTON,568842,INR/bale,0.0,0.0
2026-03-30,26300.0,26300.0,26300.0,26300.0,0.0,Dhan HQ Paid API v2 (1-Year Daily),COTTON,568842,INR/bale,0.0,0.0
2026-03-31,26000.0,26000.0,26000.0,26000.0,0.0,Dhan HQ Paid API v2 (1-Year Daily),COTTON,568842,INR/bale,0.0,0.0
2026-04-01,27030.0,27030.0,27030.0,27030.0,1.2,Dhan HQ Paid API v2 (1-Year Daily),COTTON,568842,INR/bale,0.0,0.0
2026-04-02,27200.0,27500.0,27200.0,27350.0,2.0,Dhan HQ Paid API v2 (1-Year Daily),COTTON,568842,INR/bale,150.0,150.0
2026-04-06,28100.0,28440.0,28100.0,28170.0,11.200000000000001,Dhan HQ Paid API v2 (1-Year Daily),COTTON,568842,INR/bale,70.0,-80.0
2026-04-07,28500.0,28990.0,28500.0,28610.0,13.999999999999998,Dhan HQ Paid API v2 (1-Year Daily),COTTON,568842,INR/bale,110.0,40.0
2026-04-08,28500.0,28500.0,28300.0,28330.0,27.999999999999996,Dhan HQ Paid API v2 (1-Year Daily),COTTON,568842,INR/bale,-170.0,-280.0
2026-04-09,28400.0,28400.0,28400.0,28400.0,16.0,Dhan HQ Paid API v2 (1-Year Daily),COTTON,568842,INR/bale,0.0,170.0
2026-04-10,28400.0,28990.0,27270.0,28270.0,11.999999999999998,Dhan HQ Paid API v2 (1-Year Daily),COTTON,568842,INR/bale,-130.0,-130.0
2026-04-13,28250.0,28250.0,28250.0,28250.0,15.2,Dhan HQ Paid API v2 (1-Year Daily),COTTON,568842,INR/bale,0.0,130.0
2026-04-14,28250.0,28250.0,28250.0,28250.0,0.0,Dhan HQ Paid API v2 (1-Year Daily),COTTON,568842,INR/bale,0.0,0.0
2026-04-15,28100.0,28100.0,28100.0,28100.0,15.2,Dhan HQ Paid API v2 (1-Year Daily),COTTON,568842,INR/bale,0.0,0.0
2026-04-16,28200.0,28250.0,28200.0,28220.0,15.2,Dhan HQ Paid API v2 (1-Year Daily),COTTON,568842,INR/bale,20.0,20.0
2026-04-17,29340.0,29340.0,29340.0,29340.0,1.2,Dhan HQ Paid API v2 (1-Year Daily),COTTON,568842,INR/bale,0.0,-20.0
2026-04-20,28700.0,28700.0,28310.0,28510.0,2.0,Dhan HQ Paid API v2 (1-Year Daily),COTTON,568842,INR/bale,-190.0,-190.0
2026-04-21,28510.0,28510.0,28510.0,28510.0,0.0,Dhan HQ Paid API v2 (1-Year Daily),COTTON,568842,INR/bale,0.0,190.0
2026-04-22,29550.0,29550.0,29550.0,29550.0,1.2,Dhan HQ Paid API v2 (1-Year Daily),COTTON,568842,INR/bale,0.0,0.0
2026-04-23,28800.0,28800.0,28800.0,28800.0,1.2,Dhan HQ Paid API v2 (1-Year Daily),COTTON,568842,INR/bale,0.0,0.0
2026-04-24,28400.0,28400.0,28400.0,28400.0,1.2,Dhan HQ Paid API v2 (1-Year Daily),COTTON,568842,INR/bale,0.0,0.0
2026-04-27,28400.0,28400.0,28400.0,28400.0,1.2,Dhan HQ Paid API v2 (1-Year Daily),COTTON,568842,INR/bale,0.0,0.0
2026-04-28,28500.0,28600.0,28500.0,28550.0,4.0,Dhan HQ Paid API v2 (1-Year Daily),COTTON,568842,INR/bale,50.0,50.0
2026-04-29,28550.0,28550.0,28550.0,28550.0,0.0,Dhan HQ Paid API v2 (1-Year Daily),COTTON,568842,INR/bale,0.0,-50.0
2026-04-30,28550.0,28550.0,28550.0,28550.0,0.0,Dhan HQ Paid API v2 (1-Year Daily),COTTON,568842,INR/bale,0.0,0.0
2026-05-01,27900.0,27900.0,27900.0,27900.0,0.0,Dhan HQ Paid API v2 (1-Year Daily),COTTON,568842,INR/bale,0.0,0.0
2026-05-04,27900.0,27900.0,27900.0,27900.0,0.0,Dhan HQ Paid API v2 (1-Year Daily),COTTON,568842,INR/bale,0.0,0.0
2026-05-05,28600.0,28600.0,28600.0,28600.0,0.0,Dhan HQ Paid API v2 (1-Year Daily),COTTON,568842,INR/bale,0.0,0.0
2026-05-06,28600.0,28600.0,28600.0,28600.0,0.0,Dhan HQ Paid API v2 (1-Year Daily),COTTON,568842,INR/bale,0.0,0.0
2026-05-07,29700.0,29700.0,29700.0,29700.0,0.0,Dhan HQ Paid API v2 (1-Year Daily),COTTON,568842,INR/bale,0.0,0.0
2026-05-08,30800.0,30800.0,30800.0,30800.0,0.0,Dhan HQ Paid API v2 (1-Year Daily),COTTON,568842,INR/bale,0.0,0.0
2026-05-11,30800.0,30800.0,30800.0,30800.0,0.0,Dhan HQ Paid API v2 (1-Year Daily),COTTON,568842,INR/bale,0.0,0.0
2026-05-12,30800.0,30800.0,30800.0,30800.0,0.0,Dhan HQ Paid API v2 (1-Year Daily),COTTON,568842,INR/bale,0.0,0.0
2026-05-13,30800.0,30800.0,30800.0,30800.0,0.0,Dhan HQ Paid API v2 (1-Year Daily),COTTON,568842,INR/bale,0.0,0.0
2026-05-14,31500.0,31500.0,31500.0,31500.0,0.0,Dhan HQ Paid API v2 (1-Year Daily),COTTON,568842,INR/bale,0.0,0.0
2026-05-15,31500.0,31500.0,31500.0,31500.0,0.0,Dhan HQ Paid API v2 (1-Year Daily),COTTON,568842,INR/bale,0.0,0.0
2026-05-18,31500.0,31500.0,31500.0,31500.0,0.0,Dhan HQ Paid API v2 (1-Year Daily),COTTON,568842,INR/bale,0.0,0.0
2026-05-19,31500.0,31500.0,31500.0,31500.0,0.0,Dhan HQ Paid API v2 (1-Year Daily),COTTON,568842,INR/bale,0.0,0.0
2026-05-20,31500.0,31500.0,31500.0,31500.0,0.0,Dhan HQ Paid API v2 (1-Year Daily),COTTON,568842,INR/bale,0.0,0.0
2026-05-21,31500.0,31500.0,31500.0,31500.0,0.0,Dhan HQ Paid API v2 (1-Year Daily),COTTON,568842,INR/bale,0.0,0.0
2026-05-22,31500.0,31500.0,31500.0,31500.0,0.0,Dhan HQ Paid API v2 (1-Year Daily),COTTON,568842,INR/bale,0.0,0.0
2026-05-25,31500.0,31500.0,31500.0,31500.0,0.0,Dhan HQ Paid API v2 (1-Year Daily),COTTON,568842,INR/bale,0.0,0.0
2026-05-26,31500.0,31500.0,31500.0,31500.0,0.0,Dhan HQ Paid API v2 (1-Year Daily),COTTON,568842,INR/bale,0.0,0.0
2026-05-27,31500.0,31500.0,31500.0,31500.0,0.0,Dhan HQ Paid API v2 (1-Year Daily),COTTON,568842,INR/bale,0.0,0.0
2026-05-28,31500.0,31500.0,31500.0,31500.0,0.0,Dhan HQ Paid API v2 (1-Year Daily),COTTON,568842,INR/bale,0.0,0.0
2026-05-29,31500.0,31500.0,31500.0,31500.0,0.0,Dhan HQ Paid API v2 (1-Year Daily),COTTON,568842,INR/bale,0.0,0.0
2026-06-01,31500.0,31500.0,31500.0,31500.0,0.0,Dhan HQ Paid API v2 (1-Year Daily),COTTON,568842,INR/bale,0.0,0.0
2026-06-02,31500.0,31500.0,31500.0,31500.0,0.0,Dhan HQ Paid API v2 (1-Year Daily),COTTON,568842,INR/bale,0.0,0.0
2026-06-03,30600.0,30600.0,30600.0,30600.0,0.0,Dhan HQ Paid API v2 (1-Year Daily),COTTON,568842,INR/bale,0.0,0.0
2026-06-04,30600.0,30600.0,30600.0,30600.0,0.0,Dhan HQ Paid API v2 (1-Year Daily),COTTON,568842,INR/bale,0.0,0.0
2026-06-05,30600.0,30600.0,30600.0,30600.0,0.0,Dhan HQ Paid API v2 (1-Year Daily),COTTON,568842,INR/bale,0.0,0.0
2026-06-08,30600.0,30600.0,30600.0,30600.0,0.0,Dhan HQ Paid API v2 (1-Year Daily),COTTON,568842,INR/bale,0.0,0.0
2026-06-09,30600.0,30600.0,30600.0,30600.0,0.0,Dhan HQ Paid API v2 (1-Year Daily),COTTON,568842,INR/bale,0.0,0.0
2026-06-10,30600.0,30600.0,30600.0,30600.0,0.0,Dhan HQ Paid API v2 (1-Year Daily),COTTON,568842,INR/bale,0.0,0.0
2026-06-11,30600.0,30600.0,30600.0,30600.0,0.0,Dhan HQ Paid API v2 (1-Year Daily),COTTON,568842,INR/bale,0.0,0.0
2026-06-12,30600.0,30600.0,30600.0,30600.0,0.0,Dhan HQ Paid API v2 (1-Year Daily),COTTON,568842,INR/bale,0.0,0.0
2026-06-15,30600.0,30600.0,30600.0,30600.0,0.0,Dhan HQ Paid API v2 (1-Year Daily),COTTON,568842,INR/bale,0.0,0.0
2026-06-16,30600.0,30600.0,30600.0,30600.0,0.0,Dhan HQ Paid API v2 (1-Year Daily),COTTON,568842,INR/bale,0.0,0.0
2026-06-17,30600.0,30600.0,30600.0,30600.0,0.0,Dhan HQ Paid API v2 (1-Year Daily),COTTON,568842,INR/bale,0.0,0.0
2026-06-18,29800.0,29800.0,29800.0,29800.0,0.0,Dhan HQ Paid API v2 (1-Year Daily),COTTON,568842,INR/bale,0.0,0.0
2026-06-19,29800.0,29800.0,29800.0,29800.0,0.0,Dhan HQ Paid API v2 (1-Year Daily),COTTON,568842,INR/bale,0.0,0.0
2026-06-22,29800.0,29800.0,29800.0,29800.0,0.0,Dhan HQ Paid API v2 (1-Year Daily),COTTON,568842,INR/bale,0.0,0.0
2026-06-23,29800.0,29800.0,29800.0,29800.0,0.0,Dhan HQ Paid API v2 (1-Year Daily),COTTON,568842,INR/bale,0.0,0.0
2026-06-24,29800.0,29800.0,29800.0,29800.0,0.0,Dhan HQ Paid API v2 (1-Year Daily),COTTON,568842,INR/bale,0.0,0.0
2026-06-25,29800.0,29800.0,29800.0,29800.0,0.0,Dhan HQ Paid API v2 (1-Year Daily),COTTON,568842,INR/bale,0.0,0.0
2026-06-26,29800.0,29800.0,29800.0,29800.0,0.0,Dhan HQ Paid API v2 (1-Year Daily),COTTON,568842,INR/bale,0.0,0.0
2026-06-29,29800.0,29800.0,29800.0,29800.0,0.0,Dhan HQ Paid API v2 (1-Year Daily),COTTON,568842,INR/bale,0.0,0.0
2026-06-30,29800.0,29800.0,29800.0,29800.0,0.0,Dhan HQ Paid API v2 (1-Year Daily),COTTON,568842,INR/bale,0.0,0.0
2026-07-01,29800.0,29800.0,29800.0,29800.0,0.0,Dhan HQ Paid API v2 (1-Year Daily),COTTON,568842,INR/bale,0.0,0.0
2026-07-02,29800.0,29800.0,29800.0,29800.0,0.0,Dhan HQ Paid API v2 (1-Year Daily),COTTON,568842,INR/bale,0.0,0.0
2026-07-03,29800.0,29800.0,29800.0,29800.0,0.0,Dhan HQ Paid API v2 (1-Year Daily),COTTON,568842,INR/bale,0.0,0.0
2026-07-06,29800.0,29800.0,29800.0,29800.0,0.0,Dhan HQ Paid API v2 (1-Year Daily),COTTON,568842,INR/bale,0.0,0.0
2026-07-07,29800.0,29800.0,29800.0,29800.0,0.0,Dhan HQ Paid API v2 (1-Year Daily),COTTON,568842,INR/bale,0.0,0.0
2026-07-08,29800.0,29800.0,29800.0,29800.0,0.0,Dhan HQ Paid API v2 (1-Year Daily),COTTON,568842,INR/bale,0.0,0.0
2026-07-09,29800.0,29800.0,29800.0,29800.0,0.0,Dhan HQ Paid API v2 (1-Year Daily),COTTON,568842,INR/bale,0.0,0.0
2026-07-10,29800.0,29800.0,29800.0,29800.0,0.0,Dhan HQ Paid API v2 (1-Year Daily),COTTON,568842,INR/bale,0.0,0.0
2026-07-13,29800.0,29800.0,29800.0,29800.0,0.0,Dhan HQ Paid API v2 (1-Year Daily),COTTON,568842,INR/bale,0.0,0.0
2026-07-14,29800.0,29800.0,29800.0,29800.0,0.0,Dhan HQ Paid API v2 (1-Year Daily),COTTON,568842,INR/bale,0.0,0.0
2026-07-15,29800.0,29800.0,29800.0,29800.0,0.0,Dhan HQ Paid API v2 (1-Year Daily),COTTON,568842,INR/bale,0.0,0.0
2026-07-16,30900.0,30900.0,30900.0,30900.0,0.0,Dhan HQ Paid API v2 (1-Year Daily),COTTON,568842,INR/bale,0.0,0.0
2026-07-17,30900.0,30900.0,30900.0,30900.0,0.0,Dhan HQ Paid API v2 (1-Year Daily),COTTON,568842,INR/bale,0.0,0.0
2026-07-20,30900.0,30900.0,30900.0,30900.0,0.0,Dhan HQ Paid API v2 (1-Year Daily),COTTON,568842,INR/bale,0.0,0.0
2026-07-21,31150.0,31150.0,31150.0,31150.0,0.0,Dhan HQ Paid API v2 (1-Year Daily),COTTON,568842,INR/bale,0.0,0.0
2026-07-22,31150.0,31150.0,31150.0,31150.0,0.0,Dhan HQ Paid API v2 (1-Year Daily),COTTON,568842,INR/bale,0.0,0.0
2026-07-23,31150.0,31150.0,31150.0,31150.0,0.0,Dhan HQ Paid API v2 (1-Year Daily),COTTON,568842,INR/bale,0.0,0.0
2026-07-24,31150.0,31150.0,31150.0,31150.0,0.0,Dhan HQ Paid API v2 (1-Year Daily),COTTON,568842,INR/bale,0.0,0.0
2026-07-27,31150.0,31150.0,31150.0,31150.0,0.0,Dhan HQ Paid API v2 (1-Year Daily),COTTON,568842,INR/bale,0.0,0.0
2026-07-28,31150.0,31150.0,31150.0,31150.0,0.0,Dhan HQ Paid API v2 (1-Year Daily),COTTON,568842,INR/bale,0.0,0.0
2026-07-29,31150.0,31150.0,31150.0,31150.0,0.0,Dhan HQ Paid API v2 (1-Year Daily),COTTON,568842,INR/bale,0.0,0.0
2026-07-30,31800.0,31800.0,31800.0,31800.0,0.0,Dhan HQ Paid API v2 (1-Year Daily),COTTON,568842,INR/bale,0.0,0.0
2026-07-31,31800.0,31800.0,31800.0,31800.0,0.0,Dhan HQ Paid API v2 (1-Year Daily),COTTON,568842,INR/bale,0.0,0.0
2026-08-03,31700.0,31700.0,31700.0,31700.0,0.0,Dhan HQ Paid API v2 (1-Year Daily),COTTON,568842,INR/bale,0.0,0.0
2026-08-04,31700.0,31700.0,31700.0,31700.0,0.0,Dhan HQ Paid API v2 (1-Year Daily),COTTON,568842,INR/bale,0.0,0.0
2026-08-05,31700.0,31700.0,31700.0,31700.0,0.0,Dhan HQ Paid API v2 (1-Year Daily),COTTON,568842,INR/bale,0.0,0.0
2026-08-06,31700.0,31700.0,31700.0,31700.0,0.0,Dhan HQ Paid API v2 (1-Year Daily),COTTON,568842,INR/bale,0.0,0.0
2026-08-07,31700.0,31700.0,31700.0,31700.0,0.0,Dhan HQ Paid API v2 (1-Year Daily),COTTON,568842,INR/bale,0.0,0.0
2026-08-10,31700.0,31700.0,31700.0,31700.0,0.0,Dhan HQ Paid API v2 (1-Year Daily),COTTON,568842,INR/bale,0.0,0.0
2026-08-11,31700.0,31700.0,31700.0,31700.0,0.0,Dhan HQ Paid API v2 (1-Year Daily),COTTON,568842,INR/bale,0.0,0.0
2026-08-12,31700.0,31700.0,31700.0,31700.0,0.0,Dhan HQ Paid API v2 (1-Year Daily),COTTON,568842,INR/bale,0.0,0.0
2026-08-13,31700.0,31700.0,31700.0,31700.0,0.0,Dhan HQ Paid API v2 (1-Year Daily),COTTON,568842,INR/bale,0.0,0.0
